,Model,recall_score,precision_score,accuracy_score
0,LogisticRegression(),0.8125401241172694,0.8273232378254712,0.8272148293895304
1,SVC(),0.9072056975282782,0.9436757816755638,0.9273546315952985
2,KNeighborsClassifier(n_neighbors=10),0.900593471810089,0.9258089116461489,0.9161704551338476
3,DecisionTreeClassifier(),0.9582834113930945,0.9584922104804445,0.9604411536270906
4,AdaBoostClassifier(n_estimators=100),0.8607758620689655,0.8702473036278462,0.8714337492880443
